AI-PFI,Python,2026-05-08T13:37:05Z,false
AI4MH,Python,2026-05-08T13:37:07Z,false
ArtExtract,Python,2026-05-08T13:37:09Z,false
AutoEIT-STS,Python,2026-05-08T13:37:11Z,false
AutoMation-Engine,Python,2026-05-08T13:37:13Z,false
AutoTRandHD,Python,2026-05-08T13:37:14Z,false
ChoreoAI,Python,2026-05-08T13:37:16Z,false
LAMP,Python,2026-05-08T13:37:18Z,false
Noesis,Python,2026-05-08T13:37:22Z,false
ParticleStimulator,Python,2026-05-08T13:37:23Z,false
SecureForg,Python,2026-05-08T13:37:25Z,false
TerraHerb,Python,2026-05-08T13:37:28Z,false
TrustLab,Python,2026-05-08T13:37:30Z,false
UDIE,TypeScript,2026-03-23T13:16:12Z,false
agentskill,Python,2026-05-08T13:37:34Z,false
audio_transcription,Python,2026-05-08T13:37:36Z,false
healingstone,Python,2026-05-08T13:37:44Z,false
my-portfolio,HTML,2026-05-08T13:37:47Z,false
sira,Python,2026-05-08T13:37:48Z,false
cognitron-game,TypeScript,2026-05-08T13:41:01Z,false
LifeTrack,Dart,2026-05-12T10:35:19Z,false
gametrend-intelligence-engine,TypeScript,2026-05-14T21:54:24Z,false
forge-agent,Python,2026-05-14T21:55:16Z,false
ledger-core,TypeScript,2026-05-14T22:01:05Z,false
control-plane,Python,2026-05-14T21:55:22Z,false
brain,Python,2026-05-14T22:01:56Z,false
repo-analyzer,Unknown,2026-05-14T22:05:03Z,false
modules,Rust,2026-05-14T22:04:50Z,false
smart-api-limiter,C,2026-05-14T22:10:39Z,false
aegis-auth,TypeScript,2026-05-14T22:11:07Z,false
infrastructure,TypeScript,2026-05-14T22:24:54Z,false
astraeus-core,Python,2026-05-15T11:41:41Z,false
idea,Unknown,2026-05-15T11:58:03Z,false
autoeit-suite,Python,2026-05-15T11:58:07Z,false
physics,Unknown,2026-05-19T15:32:48Z,false
simulation,Unknown,2026-05-19T15:33:49Z,false
legacy,Unknown,2026-05-19T15:34:15Z,false
truenotes,TypeScript,2026-05-19T16:15:58Z,false
